duration,HNR,localJitter,localabsoluteJitter,rapJitter,ppq5Jitter,ddpJitter,localShimmer,localdbShimmer,apq3Shimmer,apq5Shimmer,apq11Shimmer,ddaShimmer,f1,f2,f3,f4,b1,b2,b3,b4
10.031020408163265,8.34720915229841,0.011825307202794474,8.692431625326623e-05,0.006992324343597338,0.0063629040932590576,0.020976973030792014,0.06375971829058145,0.5441845041561572,0.035931972289625025,0.037315776616504884,0.0435436223621517,0.10779591686887507,773.0425349572795,1289.82879884305,2417.330960526678,3956.6109258242604,222.21066810095942,97.13055628413849,30.50965315390507,1686.213858780337
