MDVP:Jitter(%),MDVP:Jitter(Abs),MDVP:RAP,MDVP:PPQ,Jitter:DDP,MDVP:Shimmer,MDVP:Shimmer(dB),Shimmer:APQ3,Shimmer:APQ5,MDVP:APQ,Shimmer:DDA,NHR,HNR
0.0036756263016551,2.4294103306279897e-05,0.0019946358729044,0.0019084399968986,0.0059839076187132,0.1030244957600897,0.9177337937364588,0.0557200245018248,0.0683352160730164,0.0596261883857987,0.1671600735054746,0.098332,13.764
