MDVP:Jitter(%),MDVP:Jitter(Abs),MDVP:RAP,MDVP:PPQ,Jitter:DDP,MDVP:Shimmer,MDVP:Shimmer(dB),Shimmer:APQ3,Shimmer:APQ5,MDVP:APQ,Shimmer:DDA,NHR,HNR
0.0034854768445066,2.0225511535084443e-05,0.0019896805367511,0.001843187403425,0.0059690416102534,0.0777006851055205,0.7160899106540652,0.0390509697922311,0.0614246449308635,0.0549830306495937,0.1171529093766933,0.024808,18.066
