MDVP:Jitter(%),MDVP:Jitter(Abs),MDVP:RAP,MDVP:PPQ,Jitter:DDP,MDVP:Shimmer,MDVP:Shimmer(dB),Shimmer:APQ3,Shimmer:APQ5,MDVP:APQ,Shimmer:DDA,NHR,HNR
0.0035739675503323,2.291786210282624e-05,0.0019783783429793,0.0020533280105464,0.0059351350289379,0.1805338478112819,1.595073375893195,0.09424090192445,0.1255480096415012,0.1218112774497259,0.2827227057733502,0.075859,11.962
