MDVP:Fo(Hz),MDVP:Fhi(Hz),MDVP:Flo(Hz),MDVP:Jitter(%),MDVP:Jitter(Abs),MDVP:RAP,MDVP:PPQ,Jitter:DDP,MDVP:Shimmer,MDVP:Shimmer(dB),Shimmer:APQ3,Shimmer:APQ5,MDVP:APQ,Shimmer:DDA,NHR,HNR
151.62489397730246,192.0747458339587,78.89486095810253,0.003438044326767287,2.2681122734489125e-05,0.0019102915363624117,0.0018189818459336483,0.005730874609087235,0.02654487645707232,0.22881014015795276,0.01434048060138538,0.018057135701646534,0.018843033358277934,0.04302144180415614,0.015355,19.602
143.41030849368482,275.3227625097893,78.84503461726953,0.023036562875597192,0.00015956309100634736,0.012689125023573227,0.013177576729492185,0.03806737507071968,0.20433545586297389,1.7026331673291784,0.09519089927545266,0.1456644686380358,0.1976225089172382,0.28557269782635797,0.436784,4.660